{
 "gains_stored_per_deg": {
  "joint1": [
   500.0,
   60.0
  ],
  "joint2": [
   1500.0,
   96.0
  ],
  "joint3": [
   1000.0,
   76.0
  ],
  "joint4": [
   150.0,
   18.0
  ],
  "joint5": [
   80.0,
   10.0
  ],
  "joint6": [
   50.0,
   7.0
  ]
 },
 "g": -9.81,
 "grid": "5 points/joint over limits",
 "results": {
  "old_masses_c2eba19": {
   "joint1": {
    "worst_tau_Nm": 0.0,
    "worst_pose": [
     0.0,
     -1.57,
     -1.57,
     -0.050000000000000044,
     0.0,
     0.0
    ],
    "droop_rad": 0.0,
    "droop_deg": 0.0,
    "m_eq_kgm2": 0.25428,
    "f_n_hz": 53.42,
    "zeta": 20.139
   },
   "joint2": {
    "worst_tau_Nm": 15.1938,
    "worst_pose": [
     -2.8,
     0.0,
     -3.14,
     -0.05,
     0.0,
     -1.57
    ],
    "droop_rad": 0.0001768,
    "droop_deg": 0.01013,
    "m_eq_kgm2": 0.75538,
    "f_n_hz": 53.68,
    "zeta": 10.794
   },
   "joint3": {
    "worst_tau_Nm": -6.6569,
    "worst_pose": [
     -2.8,
     0.0,
     -3.14,
     -0.05,
     0.0,
     -1.57
    ],
    "droop_rad": 0.0001162,
    "droop_deg": 0.006657,
    "m_eq_kgm2": 0.24434,
    "f_n_hz": 77.07,
    "zeta": 18.401
   },
   "joint4": {
    "worst_tau_Nm": 1.9436,
    "worst_pose": [
     -1.4,
     -1.57,
     -3.14,
     1.69,
     0.0,
     1.57
    ],
    "droop_rad": 0.0002261,
    "droop_deg": 0.01296,
    "m_eq_kgm2": 0.03359,
    "f_n_hz": 80.51,
    "zeta": 30.352
   },
   "joint5": {
    "worst_tau_Nm": -0.7779,
    "worst_pose": [
     1.4,
     -3.14,
     -2.355,
     0.82,
     1.57,
     -3.14
    ],
    "droop_rad": 0.0001697,
    "droop_deg": 0.009724,
    "m_eq_kgm2": 0.00891,
    "f_n_hz": 114.14,
    "zeta": 44.824
   },
   "joint6": {
    "worst_tau_Nm": -0.0008,
    "worst_pose": [
     2.8,
     -2.355,
     0.0,
     0.82,
     -1.57,
     -3.14
    ],
    "droop_rad": 2.861e-07,
    "droop_deg": 1.639e-05,
    "m_eq_kgm2": 0.00042,
    "f_n_hz": 418.12,
    "zeta": 183.897
   }
  },
  "new_masses_b094da6": {
   "joint1": {
    "worst_tau_Nm": 0.0,
    "worst_pose": [
     0.0,
     -1.57,
     -1.57,
     -0.050000000000000044,
     0.0,
     0.0
    ],
    "droop_rad": 0.0,
    "droop_deg": 0.0,
    "m_eq_kgm2": 0.25574,
    "f_n_hz": 53.27,
    "zeta": 20.081
   },
   "joint2": {
    "worst_tau_Nm": 15.0182,
    "worst_pose": [
     1.4,
     0.0,
     -3.14,
     -0.05,
     0.0,
     -1.57
    ],
    "droop_rad": 0.0001747,
    "droop_deg": 0.01001,
    "m_eq_kgm2": 0.75592,
    "f_n_hz": 53.66,
    "zeta": 10.79
   },
   "joint3": {
    "worst_tau_Nm": -6.7098,
    "worst_pose": [
     -2.8,
     0.0,
     -3.14,
     -0.05,
     0.0,
     -1.57
    ],
    "droop_rad": 0.0001171,
    "droop_deg": 0.00671,
    "m_eq_kgm2": 0.24471,
    "f_n_hz": 77.01,
    "zeta": 18.387
   },
   "joint4": {
    "worst_tau_Nm": -1.9654,
    "worst_pose": [
     -2.8,
     -2.355,
     -0.785,
     1.69,
     0.0,
     1.57
    ],
    "droop_rad": 0.0002287,
    "droop_deg": 0.0131,
    "m_eq_kgm2": 0.03401,
    "f_n_hz": 80.01,
    "zeta": 30.163
   },
   "joint5": {
    "worst_tau_Nm": -0.8002,
    "worst_pose": [
     1.4,
     -3.14,
     -2.355,
     0.82,
     1.57,
     -3.14
    ],
    "droop_rad": 0.0001746,
    "droop_deg": 0.01,
    "m_eq_kgm2": 0.00906,
    "f_n_hz": 113.18,
    "zeta": 44.447
   },
   "joint6": {
    "worst_tau_Nm": -0.0008,
    "worst_pose": [
     2.8,
     -3.14,
     -0.785,
     0.82,
     -1.57,
     3.14
    ],
    "droop_rad": 2.859e-07,
    "droop_deg": 1.638e-05,
    "m_eq_kgm2": 0.00044,
    "f_n_hz": 408.42,
    "zeta": 179.634
   }
  }
 }
}